#query	mnx_id	reference	xrefs	name
ACALD	MNXR190509	rheaR:23288	bigg.reaction:ACALD ... bigg.reaction:ACALDh ... bigg.reaction:R_ACALD ... bigg.reaction:R_ACALDh ... biggR:ACALD ... biggR:ACALDh ... biggR:R_ACALD ... biggR:R_ACALDh ... deprecated:MNXR190510 ... deprecated:MNXR95210 ... kegg.reaction:R00228 ... keggR:R00228 ... metacyc.reaction:ACETALD-DEHYDROG-RXN ... metacycR:ACETALD-DEHYDROG-RXN ... rhea:23288 ... rhea:23289 ... rhea:23290 ... rhea:23291 ... rheaR:23288 ... rheaR:23289 ... rheaR:23290 ... rheaR:23291 ... sabiork.reaction:163 ... sabiorkR:163 ... seed.reaction:rxn00171 ... seed.reaction:rxn27656 ... seed.reaction:rxn32710 ... seed.reaction:rxn32711 ... seedR:rxn00171 ... seedR:rxn27656 ... seedR:rxn32710 ... seedR:rxn32711	1 MNXM10@MNXD1 + 1 MNXM1104266@MNXD1 + 1 MNXM1@MNXD1 = 1 MNXM727276@MNXD1 + 1 MNXM75@MNXD1 + 1 MNXM8@MNXD1
ACALDt	MNXR95212	seedR:rxn08032	bigg.reaction:ACALDt ... bigg.reaction:ACALDtex ... bigg.reaction:ACALDtm ... bigg.reaction:ACALDtpp ... bigg.reaction:ACALDtr ... bigg.reaction:ACALDtx ... bigg.reaction:EX_acald_e ... bigg.reaction:R_ACALDt ... bigg.reaction:R_ACALDtex ... bigg.reaction:R_ACALDtm ... bigg.reaction:R_ACALDtpp ... bigg.reaction:R_ACALDtr ... bigg.reaction:R_ACALDtx ... bigg.reaction:R_EX_acald_e ... biggR:ACALDt ... biggR:ACALDtex ... biggR:ACALDtm ... biggR:ACALDtpp ... biggR:ACALDtr ... biggR:ACALDtx ... biggR:EX_acald_e ... biggR:R_ACALDt ... biggR:R_ACALDtex ... biggR:R_ACALDtm ... biggR:R_ACALDtpp ... biggR:R_ACALDtr ... biggR:R_ACALDtx ... biggR:R_EX_acald_e ... deprecated:MNXR354 ... deprecated:MNXR98198 ... seed.reaction:rxn08032 ... seed.reaction:rxn08033 ... seed.reaction:rxn09700 ... seed.reaction:rxn13212 ... seed.reaction:rxn34463 ... seedR:rxn08032 ... seedR:rxn08033 ... seedR:rxn09700 ... seedR:rxn13212 ... seedR:rxn34463	1 MNXM75@MNXD1 = 1 MNXM75@MNXD2
ACKr	MNXR95269	rheaR:11352	bigg.reaction:ACKr ... bigg.reaction:ACKrh ... bigg.reaction:ACKrm ... bigg.reaction:R_ACKr ... bigg.reaction:R_ACKrh ... bigg.reaction:R_ACKrm ... biggR:ACKr ... biggR:ACKrh ... biggR:ACKrm ... biggR:R_ACKr ... biggR:R_ACKrh ... biggR:R_ACKrm ... deprecated:MNXR390 ... kegg.reaction:R00315 ... keggR:R00315 ... metacyc.reaction:ACETATEKIN-RXN ... metacycR:ACETATEKIN-RXN ... rhea:11352 ... rhea:11353 ... rhea:11354 ... rhea:11355 ... rheaR:11352 ... rheaR:11353 ... rheaR:11354 ... rheaR:11355 ... sabiork.reaction:71 ... sabiorkR:71 ... seed.reaction:rxn00225 ... seed.reaction:rxn27661 ... seed.reaction:rxn27662 ... seed.reaction:rxn34299 ... seedR:rxn00225 ... seedR:rxn27661 ... seedR:rxn27662 ... seedR:rxn34299	1 MNXM26@MNXD1 + 1 MNXM3@MNXD1 = 1 MNXM280@MNXD1 + 1 MNXM40333@MNXD1
ACONTa	MNXR154367	rheaR:10228	bigg.reaction:ACN_a_m ... bigg.reaction:ACONTa ... bigg.reaction:ACONTa_1 ... bigg.reaction:R_ACN_a_m ... bigg.reaction:R_ACONTa ... bigg.reaction:R_ACONTa_1 ... bigg.reaction:R_r0317 ... bigg.reaction:r0317 ... biggR:ACN_a_m ... biggR:ACONTa ... biggR:ACONTa_1 ... biggR:R_ACN_a_m ... biggR:R_ACONTa ... biggR:R_ACONTa_1 ... biggR:R_r0317 ... biggR:r0317 ... deprecated:MNXR95386 ... kegg.reaction:R01325 ... keggR:R01325 ... metacyc.reaction:ACONITATEDEHYDR-RXN ... metacycR:ACONITATEDEHYDR-RXN ... rhea:10228 ... rhea:10229 ... rhea:10230 ... rhea:10231 ... rheaR:10228 ... rheaR:10229 ... rheaR:10230 ... rheaR:10231 ... sabiork.reaction:268 ... sabiorkR:268 ... seed.reaction:rxn00974 ... seed.reaction:rxn19039 ... seed.reaction:rxn30619 ... seed.reaction:rxn31223 ... seed.reaction:rxn33227 ... seed.reaction:rxn33231 ... seedR:rxn00974 ... seedR:rxn19039 ... seedR:rxn30619 ... seedR:rxn31223 ... seedR:rxn33227 ... seedR:rxn33231	1 MNXM1092518@MNXD1 + 1 WATER@MNXD1 = 1 MNXM1107753@MNXD1
ACONTb	MNXR191427	keggR:R01900	bigg.reaction:ACN_b_m ... bigg.reaction:ACONTb ... bigg.reaction:ACONTb_1 ... bigg.reaction:R_ACN_b_m ... bigg.reaction:R_ACONTb ... bigg.reaction:R_ACONTb_1 ... bigg.reaction:R_r0426 ... bigg.reaction:r0426 ... biggR:ACN_b_m ... biggR:ACONTb ... biggR:ACONTb_1 ... biggR:R_ACN_b_m ... biggR:R_ACONTb ... biggR:R_ACONTb_1 ... biggR:R_r0426 ... biggR:r0426 ... deprecated:MNXR115664 ... deprecated:MNXR154368 ... kegg.reaction:R01900 ... keggR:R01900 ... sabiork.reaction:273 ... sabiorkR:273 ... seed.reaction:rxn01388 ... seed.reaction:rxn32587 ... seed.reaction:rxn32588 ... seed.reaction:rxn32589 ... seed.reaction:rxn34304 ... seedR:rxn01388 ... seedR:rxn32587 ... seedR:rxn32588 ... seedR:rxn32589 ... seedR:rxn34304	1 MNXM1092518@MNXD1 + 1 WATER@MNXD1 = 1 MNXM89661@MNXD1
ACt2r	MNXR95429	seedR:rxn05488	bigg.reaction:ACt2ipp ... bigg.reaction:ACt2m ... bigg.reaction:ACt2r ... bigg.reaction:ACt2rpp ... bigg.reaction:R_ACt2ipp ... bigg.reaction:R_ACt2m ... bigg.reaction:R_ACt2r ... bigg.reaction:R_ACt2rpp ... biggR:ACt2ipp ... biggR:ACt2m ... biggR:ACt2r ... biggR:ACt2rpp ... biggR:R_ACt2ipp ... biggR:R_ACt2m ... biggR:R_ACt2r ... biggR:R_ACt2rpp ... deprecated:MNXR463 ... metacyc.reaction:TRANS-RXN0-571 ... metacycR:TRANS-RXN0-571 ... seed.reaction:rxn05488 ... seed.reaction:rxn08061 ... seedR:rxn05488 ... seedR:rxn08061	1 MNXM01@MNXD1 + 1 MNXM26@MNXD1 = 1 MNXM01@MNXD2 + 1 MNXM26@MNXD2
ADK1	MNXR95450	rheaR:12973	bigg.reaction:ADK1 ... bigg.reaction:ADK1g ... bigg.reaction:ADK1m ... bigg.reaction:ATAMh ... bigg.reaction:R_ADK1 ... bigg.reaction:R_ADK1g ... bigg.reaction:R_ADK1m ... bigg.reaction:R_ATAMh ... biggR:ADK1 ... biggR:ADK1g ... biggR:ADK1m ... biggR:ATAMh ... biggR:R_ADK1 ... biggR:R_ADK1g ... biggR:R_ADK1m ... biggR:R_ATAMh ... deprecated:MNXR479 ... deprecated:MNXR90840 ... kegg.reaction:R00127 ... keggR:R00127 ... metacyc.reaction:ADENYL-KIN-RXN ... metacycR:ADENYL-KIN-RXN ... rhea:12973 ... rhea:12974 ... rhea:12975 ... rhea:12976 ... rheaR:12973 ... rheaR:12974 ... rheaR:12975 ... rheaR:12976 ... sabiork.reaction:82 ... sabiorkR:82 ... seed.reaction:rxn00097 ... seed.reaction:rxn27684 ... seed.reaction:rxn27685 ... seedR:rxn00097 ... seedR:rxn27684 ... seedR:rxn27685	1 MNXM3@MNXD1 + 1 MNXM728294@MNXD1 = 2 MNXM40333@MNXD1
AKGDH	MNXR190634	rheaR:27786	bigg.reaction:AKGDH ... bigg.reaction:AKGDm ... bigg.reaction:R_AKGDH ... bigg.reaction:R_AKGDm ... biggR:AKGDH ... biggR:AKGDm ... biggR:R_AKGDH ... biggR:R_AKGDm ... deprecated:MNXR190635 ... deprecated:MNXR95655 ... kegg.reaction:R08549 ... keggR:R08549 ... metacyc.reaction:2OXOGLUTARATEDEH-RXN ... metacycR:2OXOGLUTARATEDEH-RXN ... rhea:27786 ... rhea:27787 ... rhea:27788 ... rhea:27789 ... rheaR:27786 ... rheaR:27787 ... rheaR:27788 ... rheaR:27789 ... sabiork.reaction:8163 ... sabiorkR:8163 ... seed.reaction:rxn08094 ... seed.reaction:rxn17745 ... seedR:rxn08094 ... seedR:rxn17745	1 MNXM10@MNXD1 + 1 MNXM1104774@MNXD1 + 1 MNXM13@MNXD1 = 1 MNXM20@MNXD1 + 1 MNXM727276@MNXD1 + 1 MNXM8@MNXD1
AKGt2r	MNXR95661	rheaR:29011	bigg.reaction:AKGt2n ... bigg.reaction:AKGt2r ... bigg.reaction:AKGt2rpp ... bigg.reaction:R_AKGt2n ... bigg.reaction:R_AKGt2r ... bigg.reaction:R_AKGt2rpp ... biggR:AKGt2n ... biggR:AKGt2r ... biggR:AKGt2rpp ... biggR:R_AKGt2n ... biggR:R_AKGt2r ... biggR:R_AKGt2rpp ... deprecated:MNXR599 ... metacyc.reaction:TRANS-RXN-23 ... metacycR:TRANS-RXN-23 ... rhea:29011 ... rhea:29012 ... rhea:29013 ... rhea:29014 ... rheaR:29011 ... rheaR:29012 ... rheaR:29013 ... rheaR:29014 ... seed.reaction:rxn05493 ... seed.reaction:rxn08095 ... seed.reaction:rxn09827 ... seedR:rxn05493 ... seedR:rxn08095 ... seedR:rxn09827	1 MNXM01@MNXD1 + 1 MNXM20@MNXD1 = 1 MNXM01@MNXD2 + 1 MNXM20@MNXD2
ALCD2x	MNXR95725	rheaR:25290	bigg.reaction:ALCD2ir ... bigg.reaction:ALCD2irm ... bigg.reaction:ALCD2x ... bigg.reaction:R_ALCD2ir ... bigg.reaction:R_ALCD2irm ... bigg.reaction:R_ALCD2x ... biggR:ALCD2ir ... biggR:ALCD2irm ... biggR:ALCD2x ... biggR:R_ALCD2ir ... biggR:R_ALCD2irm ... biggR:R_ALCD2x ... deprecated:MNXR648 ... deprecated:MNXR91114 ... kegg.reaction:R00754 ... keggR:R00754 ... metacyc.reaction:ALCOHOL-DEHYDROG-RXN ... metacycR:ALCOHOL-DEHYDROG-RXN ... rhea:25290 ... rhea:25291 ... rhea:25292 ... rhea:25293 ... rheaR:25290 ... rheaR:25291 ... rheaR:25292 ... rheaR:25293 ... sabiork.reaction:597 ... sabiorkR:597 ... seed.reaction:rxn00543 ... seed.reaction:rxn27700 ... seed.reaction:rxn30083 ... seed.reaction:rxn38033 ... seed.reaction:rxn38034 ... seedR:rxn00543 ... seedR:rxn27700 ... seedR:rxn30083 ... seedR:rxn38033 ... seedR:rxn38034	1 MNXM10@MNXD1 + 1 MNXM1@MNXD1 + 1 MNXM75@MNXD1 = 1 MNXM1108092@MNXD1 + 1 MNXM8@MNXD1
ATPM	MNXR153054	rheaR:13065	bigg.reaction:ATPM ... bigg.reaction:ATPM_h ... bigg.reaction:ATPPHm ... bigg.reaction:NTP1 ... bigg.reaction:R_ATPM ... bigg.reaction:R_ATPM_h ... bigg.reaction:R_ATPPHm ... bigg.reaction:R_NTP1 ... biggR:ATPM ... biggR:ATPM_h ... biggR:ATPPHm ... biggR:NTP1 ... biggR:R_ATPM ... biggR:R_ATPM_h ... biggR:R_ATPPHm ... biggR:R_NTP1 ... deprecated:MNXR96131 ... kegg.reaction:R00086 ... keggR:R00086 ... metacyc.reaction:ATPASE-RXN ... metacycR:ATPASE-RXN ... rhea:13065 ... rhea:13066 ... rhea:13067 ... rhea:13068 ... rheaR:13065 ... rheaR:13066 ... rheaR:13067 ... rheaR:13068 ... sabiork.reaction:75 ... sabiorkR:75 ... seed.reaction:rxn00062 ... seed.reaction:rxn11300 ... seed.reaction:rxn27586 ... seed.reaction:rxn27587 ... seed.reaction:rxn27588 ... seed.reaction:rxn27616 ... seed.reaction:rxn38021 ... seed.reaction:rxn38022 ... seed.reaction:rxn38023 ... seed.reaction:rxn38233 ... seedR:rxn00062 ... seedR:rxn11300 ... seedR:rxn27586 ... seedR:rxn27587 ... seedR:rxn27588 ... seedR:rxn27616 ... seedR:rxn38021 ... seedR:rxn38022 ... seedR:rxn38023 ... seedR:rxn38233	1 MNXM1@MNXD1 + 1 MNXM40333@MNXD1 + 1 MNXM9@MNXD1 = 1 MNXM3@MNXD1 + 1 WATER@MNXD1
ATPS4r	MNXR153059	seedR:rxn08173	bigg.reaction:ATPS4m ... bigg.reaction:ATPS4m_cho ... bigg.reaction:ATPS4mi ... bigg.reaction:ATPS4r ... bigg.reaction:ATPS4rpp ... bigg.reaction:ATPasel ... bigg.reaction:R_ATPS4m ... bigg.reaction:R_ATPS4m_cho ... bigg.reaction:R_ATPS4mi ... bigg.reaction:R_ATPS4r ... bigg.reaction:R_ATPS4rpp ... bigg.reaction:R_ATPasel ... biggR:ATPS4m ... biggR:ATPS4m_cho ... biggR:ATPS4mi ... biggR:ATPS4r ... biggR:ATPS4rpp ... biggR:ATPasel ... biggR:R_ATPS4m ... biggR:R_ATPS4m_cho ... biggR:R_ATPS4mi ... biggR:R_ATPS4r ... biggR:R_ATPS4rpp ... biggR:R_ATPasel ... deprecated:MNXR96136 ... metacyc.reaction:ATPSYN-RXN ... metacycR:ATPSYN-RXN ... seed.reaction:rxn08173 ... seed.reaction:rxn10042 ... seed.reaction:rxn27727 ... seed.reaction:rxn38049 ... seed.reaction:rxn38050 ... seed.reaction:rxn38051 ... seedR:rxn08173 ... seedR:rxn10042 ... seedR:rxn27727 ... seedR:rxn38049 ... seedR:rxn38050 ... seedR:rxn38051	4 MNXM01@MNXD1 + 1 MNXM1@MNXD2 + 1 MNXM40333@MNXD2 + 1 MNXM9@MNXD2 = 4 MNXM01@MNXD2 + 1 MNXM3@MNXD2 + 1 WATER@MNXD2
Ecoli_core_w_GAM				
CO2t	MNXR96810	seedR:rxn05467	bigg.reaction:CO2t ... bigg.reaction:CO2ter ... bigg.reaction:CO2tex ... bigg.reaction:CO2tg ... bigg.reaction:CO2th ... bigg.reaction:CO2tm ... bigg.reaction:CO2tn ... bigg.reaction:CO2tp ... bigg.reaction:CO2tpp ... bigg.reaction:CO2tv ... bigg.reaction:EX_co2_e ... bigg.reaction:R_CO2t ... bigg.reaction:R_CO2ter ... bigg.reaction:R_CO2tex ... bigg.reaction:R_CO2tg ... bigg.reaction:R_CO2th ... bigg.reaction:R_CO2tm ... bigg.reaction:R_CO2tn ... bigg.reaction:R_CO2tp ... bigg.reaction:R_CO2tpp ... bigg.reaction:R_CO2tv ... bigg.reaction:R_EX_co2_e ... biggR:CO2t ... biggR:CO2ter ... biggR:CO2tex ... biggR:CO2tg ... biggR:CO2th ... biggR:CO2tm ... biggR:CO2tn ... biggR:CO2tp ... biggR:CO2tpp ... biggR:CO2tv ... biggR:EX_co2_e ... biggR:R_CO2t ... biggR:R_CO2ter ... biggR:R_CO2tex ... biggR:R_CO2tg ... biggR:R_CO2th ... biggR:R_CO2tm ... biggR:R_CO2tn ... biggR:R_CO2tp ... biggR:R_CO2tpp ... biggR:R_CO2tv ... biggR:R_EX_co2_e ... deprecated:MNXR1225 ... deprecated:MNXR98353 ... metacyc.reaction:TRANS-RXN0-545 ... metacycR:TRANS-RXN0-545 ... seed.reaction:rxn05467 ... seed.reaction:rxn08237 ... seed.reaction:rxn08238 ... seed.reaction:rxn09706 ... seed.reaction:rxn09775 ... seed.reaction:rxn09821 ... seed.reaction:rxn09860 ... seed.reaction:rxn09876 ... seed.reaction:rxn31163 ... seed.reaction:rxn33396 ... seedR:rxn05467 ... seedR:rxn08237 ... seedR:rxn08238 ... seedR:rxn09706 ... seedR:rxn09775 ... seedR:rxn09821 ... seedR:rxn09860 ... seedR:rxn09876 ... seedR:rxn31163 ... seedR:rxn33396	1 MNXM13@MNXD1 = 1 MNXM13@MNXD2
CS	MNXR190844	rheaR:16845	bigg.reaction:CS ... bigg.reaction:CSm ... bigg.reaction:CSp ... bigg.reaction:R_CS ... bigg.reaction:R_CSm ... bigg.reaction:R_CSp ... biggR:CS ... biggR:CSm ... biggR:CSp ... biggR:R_CS ... biggR:R_CSm ... biggR:R_CSp ... deprecated:MNXR190845 ... deprecated:MNXR96920 ... kegg.reaction:R00351 ... keggR:R00351 ... metacyc.reaction:CITSYN-RXN ... metacyc.reaction:RXN-14905 ... metacycR:CITSYN-RXN ... metacycR:RXN-14905 ... rhea:16845 ... rhea:16846 ... rhea:16847 ... rhea:16848 ... rheaR:16845 ... rheaR:16846 ... rheaR:16847 ... rheaR:16848 ... sabiork.reaction:267 ... sabiorkR:267 ... seed.reaction:rxn00256 ... seed.reaction:rxn19316 ... seed.reaction:rxn27765 ... seed.reaction:rxn32388 ... seed.reaction:rxn34204 ... seedR:rxn00256 ... seedR:rxn19316 ... seedR:rxn27765 ... seedR:rxn32388 ... seedR:rxn34204	1 MNXM1104266@MNXD1 + 1 MNXM46@MNXD1 + 1 WATER@MNXD1 = 1 MNXM1107753@MNXD1 + 1 MNXM1@MNXD1 + 1 MNXM727276@MNXD1
CYTBD	MNXR97031	seedR:rxn08288	bigg.reaction:CYTBD ... bigg.reaction:CYTBDpp ... bigg.reaction:R_CYTBD ... bigg.reaction:R_CYTBDpp ... biggR:CYTBD ... biggR:CYTBDpp ... biggR:R_CYTBD ... biggR:R_CYTBDpp ... deprecated:MNXR55177 ... deprecated:MNXR67303 ... deprecated:MNXR80841 ... seed.reaction:rxn08288 ... seed.reaction:rxn10112 ... seed.reaction:rxn12494 ... seed.reaction:rxn38529 ... seedR:rxn08288 ... seedR:rxn10112 ... seedR:rxn12494 ... seedR:rxn38529	4 MNXM01@MNXD1 + 2 MNXM191@MNXD1 + 1 MNXM735438@MNXD1 = 4 MNXM01@MNXD2 + 2 MNXM232@MNXD1 + 2 WATER@MNXD1
D_LACt2	MNXR97838	seedR:rxn08350	bigg.reaction:D_LACt2 ... bigg.reaction:D_LACt2pp ... bigg.reaction:D_LACtm ... bigg.reaction:R_D_LACt2 ... bigg.reaction:R_D_LACt2pp ... bigg.reaction:R_D_LACtm ... biggR:D_LACt2 ... biggR:D_LACt2pp ... biggR:D_LACtm ... biggR:R_D_LACt2 ... biggR:R_D_LACt2pp ... biggR:R_D_LACtm ... metacyc.reaction:TRANS-RXN0-515 ... metacycR:TRANS-RXN0-515 ... seed.reaction:rxn08350 ... seed.reaction:rxn09772 ... seed.reaction:rxn10171 ... seedR:rxn08350 ... seedR:rxn09772 ... seedR:rxn10171	1 MNXM01@MNXD1 + 1 MNXM731834@MNXD1 = 1 MNXM01@MNXD2 + 1 MNXM731834@MNXD2
ENO	MNXR97932	rheaR:10164	bigg.reaction:ENO ... bigg.reaction:ENO_h ... bigg.reaction:ENOf ... bigg.reaction:ENOm ... bigg.reaction:R_ENO ... bigg.reaction:R_ENO_h ... bigg.reaction:R_ENOf ... bigg.reaction:R_ENOm ... biggR:ENO ... biggR:ENO_h ... biggR:ENOf ... biggR:ENOm ... biggR:R_ENO ... biggR:R_ENO_h ... biggR:R_ENOf ... biggR:R_ENOm ... deprecated:MNXR1898 ... kegg.reaction:R00658 ... keggR:R00658 ... metacyc.reaction:2PGADEHYDRAT-RXN ... metacycR:2PGADEHYDRAT-RXN ... rhea:10164 ... rhea:10165 ... rhea:10166 ... rhea:10167 ... rheaR:10164 ... rheaR:10165 ... rheaR:10166 ... rheaR:10167 ... sabiork.reaction:8 ... sabiorkR:8 ... seed.reaction:rxn00459 ... seed.reaction:rxn17748 ... seed.reaction:rxn30576 ... seed.reaction:rxn33498 ... seed.reaction:rxn35218 ... seed.reaction:rxn37952 ... seed.reaction:rxn37953 ... seedR:rxn00459 ... seedR:rxn17748 ... seedR:rxn30576 ... seedR:rxn33498 ... seedR:rxn35218 ... seedR:rxn37952 ... seedR:rxn37953	1 MNXM275@MNXD1 = 1 MNXM73@MNXD1 + 1 WATER@MNXD1
ETOHt2r	MNXR97981	seedR:rxn08427	bigg.reaction:ETOHt2r ... bigg.reaction:ETOHt2rpp ... bigg.reaction:R_ETOHt2r ... bigg.reaction:R_ETOHt2rpp ... biggR:ETOHt2r ... biggR:ETOHt2rpp ... biggR:R_ETOHt2r ... biggR:R_ETOHt2rpp ... deprecated:MNXR1931 ... seed.reaction:rxn08427 ... seed.reaction:rxn10146 ... seedR:rxn08427 ... seedR:rxn10146	1 MNXM01@MNXD1 + 1 MNXM1108092@MNXD1 = 1 MNXM01@MNXD2 + 1 MNXM1108092@MNXD2
ac				
acald				
akg				
co2				
etoh				
for				
fru				
fum				
glc				
gln__L				
glu__L				
h				
h2o				
lac__D				
mal__L				
nh4				
o2				
pi				
pyr				
succ				
FBA	MNXR153517	biggR:FBA	bigg.reaction:FBA ... bigg.reaction:FBA_h ... bigg.reaction:FBAg ... bigg.reaction:R_FBA ... bigg.reaction:R_FBA_h ... bigg.reaction:R_FBAg ... biggR:FBA ... biggR:FBA_h ... biggR:FBAg ... biggR:R_FBA ... biggR:R_FBA_h ... biggR:R_FBAg ... deprecated:MNXR99459 ... deprecated:MNXR99464	1 MNXM1106095@MNXD1 + 2 MNXM1@MNXD1 = 1 MNXM739945@MNXD1 + 1 MNXM77@MNXD1
FBP	MNXR147046	rheaR:11064	bigg.reaction:FBP ... bigg.reaction:FBP_h ... bigg.reaction:FBPg ... bigg.reaction:R_FBP ... bigg.reaction:R_FBP_h ... bigg.reaction:R_FBPg ... biggR:FBP ... biggR:FBP_h ... biggR:FBPg ... biggR:R_FBP ... biggR:R_FBP_h ... biggR:R_FBPg ... deprecated:MNXR106670 ... deprecated:MNXR153098 ... deprecated:MNXR180343 ... deprecated:MNXR189931 ... deprecated:MNXR189932 ... deprecated:MNXR99465 ... kegg.reaction:R00762 ... kegg.reaction:R04780 ... keggR:R00762 ... keggR:R04780 ... metacyc.reaction:F16BDEPHOS-RXN ... metacycR:F16BDEPHOS-RXN ... rhea:11064 ... rhea:11065 ... rhea:11066 ... rhea:11067 ... rheaR:11064 ... rheaR:11065 ... rheaR:11066 ... rheaR:11067 ... sabiork.reaction:2084 ... sabiorkR:2084 ... seed.reaction:rxn00549 ... seed.reaction:rxn15494 ... seed.reaction:rxn19684 ... seed.reaction:rxn19685 ... seed.reaction:rxn30665 ... seed.reaction:rxn31218 ... seed.reaction:rxn33589 ... seed.reaction:rxn33591 ... seedR:rxn00549 ... seedR:rxn15494 ... seedR:rxn19684 ... seedR:rxn19685 ... seedR:rxn30665 ... seedR:rxn31218 ... seedR:rxn33589 ... seedR:rxn33591	1 MNXM1106095@MNXD1 + 1 WATER@MNXD1 = 1 MNXM1107898@MNXD1 + 1 MNXM9@MNXD1
FORt2	MNXR99621	seedR:rxn05559	bigg.reaction:FORt2 ... bigg.reaction:FORt2pp ... bigg.reaction:FORthi ... bigg.reaction:FORtmi ... bigg.reaction:FORtxi ... bigg.reaction:R_FORt2 ... bigg.reaction:R_FORt2pp ... bigg.reaction:R_FORthi ... bigg.reaction:R_FORtmi ... bigg.reaction:R_FORtxi ... biggR:FORt2 ... biggR:FORt2pp ... biggR:FORthi ... biggR:FORtmi ... biggR:FORtxi ... biggR:R_FORt2 ... biggR:R_FORt2pp ... biggR:R_FORthi ... biggR:R_FORtmi ... biggR:R_FORtxi ... deprecated:MNXR2278 ... seed.reaction:rxn05559 ... seed.reaction:rxn08524 ... seed.reaction:rxn34214 ... seed.reaction:rxn34215 ... seed.reaction:rxn34216 ... seed.reaction:rxn34459 ... seedR:rxn05559 ... seedR:rxn08524 ... seedR:rxn34214 ... seedR:rxn34215 ... seedR:rxn34216 ... seedR:rxn34459	1 MNXM01@MNXD1 + 1 MNXM39@MNXD1 = 1 MNXM01@MNXD2 + 1 MNXM39@MNXD2
FORti				
FRD7	MNXR99641	rheaR:29187	bigg.reaction:FRD7 ... bigg.reaction:R_FRD7 ... bigg.reaction:R_SUCDH_q8_m ... bigg.reaction:R_SUCDi ... bigg.reaction:SUCDH_q8_m ... bigg.reaction:SUCDi ... biggR:FRD7 ... biggR:R_FRD7 ... biggR:R_SUCDH_q8_m ... biggR:R_SUCDi ... biggR:SUCDH_q8_m ... biggR:SUCDi ... deprecated:MNXR69008 ... rhea:29187 ... rhea:29188 ... rhea:29189 ... rhea:29190 ... rheaR:29187 ... rheaR:29188 ... rheaR:29189 ... rheaR:29190 ... seed.reaction:rxn09272 ... seed.reaction:rxn27238 ... seed.reaction:rxn37566 ... seed.reaction:rxn37641 ... seed.reaction:rxn37642 ... seed.reaction:rxn37644 ... seed.reaction:rxn38714 ... seed.reaction:rxn38716 ... seed.reaction:rxn38993 ... seedR:rxn09272 ... seedR:rxn27238 ... seedR:rxn37566 ... seedR:rxn37641 ... seedR:rxn37642 ... seedR:rxn37644 ... seedR:rxn38714 ... seedR:rxn38716 ... seedR:rxn38993	1 MNXM191@MNXD1 + 1 MNXM737340@MNXD1 = 1 MNXM232@MNXD1 + 1 MNXM25@MNXD1
FRUpts2	MNXR182405	seedR:rxn37578	bigg.reaction:FRUpts2 ... bigg.reaction:FRUpts2pp ... bigg.reaction:R_FRUpts2 ... bigg.reaction:R_FRUpts2pp ... biggR:FRUpts2 ... biggR:FRUpts2pp ... biggR:R_FRUpts2 ... biggR:R_FRUpts2pp ... deprecated:MNXR99662 ... seed.reaction:rxn37578 ... seedR:rxn37578	1 MNXM1105810@MNXD1 + 1 MNXM73@MNXD2 = 1 MNXM1107898@MNXD2 + 1 MNXM23@MNXD2
FUM	MNXR99705	rheaR:12460	bigg.reaction:FUM ... bigg.reaction:FUMg ... bigg.reaction:FUMm ... bigg.reaction:R_FUM ... bigg.reaction:R_FUMg ... bigg.reaction:R_FUMm ... biggR:FUM ... biggR:FUMg ... biggR:FUMm ... biggR:R_FUM ... biggR:R_FUMg ... biggR:R_FUMm ... deprecated:MNXR2338 ... kegg.reaction:R01082 ... keggR:R01082 ... metacyc.reaction:FUMHYDR-RXN ... metacycR:FUMHYDR-RXN ... rhea:12460 ... rhea:12461 ... rhea:12462 ... rhea:12463 ... rheaR:12460 ... rheaR:12461 ... rheaR:12462 ... rheaR:12463 ... sabiork.reaction:256 ... sabiorkR:256 ... seed.reaction:rxn00799 ... seed.reaction:rxn19740 ... seed.reaction:rxn33856 ... seed.reaction:rxn33857 ... seed.reaction:rxn33858 ... seedR:rxn00799 ... seedR:rxn19740 ... seedR:rxn33856 ... seedR:rxn33857 ... seedR:rxn33858	1 MNXM1107192@MNXD1 = 1 MNXM737340@MNXD1 + 1 WATER@MNXD1
FUMt2_2	MNXR153630	rheaR:29331	bigg.reaction:FUMt2_2 ... bigg.reaction:FUMt2_2pp ... bigg.reaction:R_FUMt2_2 ... bigg.reaction:R_FUMt2_2pp ... biggR:FUMt2_2 ... biggR:FUMt2_2pp ... biggR:R_FUMt2_2 ... biggR:R_FUMt2_2pp ... deprecated:MNXR99711 ... deprecated:MNXR99715 ... metacyc.reaction:TRANS-RXN0-553 ... metacycR:TRANS-RXN0-553 ... rhea:29331 ... rhea:29332 ... rhea:29333 ... rhea:29334 ... rheaR:29331 ... rheaR:29332 ... rheaR:29333 ... rheaR:29334 ... seed.reaction:rxn08542 ... seed.reaction:rxn10152 ... seedR:rxn08542 ... seedR:rxn10152	2 MNXM01@MNXD1 + 1 MNXM737340@MNXD1 = 2 MNXM01@MNXD2 + 1 MNXM737340@MNXD2
G6PDH2r	MNXR192434	rheaR:15841	bigg.reaction:G6PDH2c ... bigg.reaction:G6PDH2er ... bigg.reaction:G6PDH2r ... bigg.reaction:R_G6PDH2c ... bigg.reaction:R_G6PDH2er ... bigg.reaction:R_G6PDH2r ... biggR:G6PDH2c ... biggR:G6PDH2er ... biggR:G6PDH2r ... biggR:R_G6PDH2c ... biggR:R_G6PDH2er ... biggR:R_G6PDH2r ... deprecated:MNXR153710 ... deprecated:MNXR190271 ... deprecated:MNXR190272 ... deprecated:MNXR99901 ... kegg.reaction:R00835 ... keggR:R00835 ... metacyc.reaction:GLU6PDEHYDROG-RXN ... metacycR:GLU6PDEHYDROG-RXN ... rhea:15841 ... rhea:15842 ... rhea:15843 ... rhea:15844 ... rheaR:15841 ... rheaR:15842 ... rheaR:15843 ... rheaR:15844 ... sabiork.reaction:1176 ... sabiork.reaction:6509 ... sabiorkR:1176 ... sabiorkR:6509 ... seed.reaction:rxn00604 ... seed.reaction:rxn30383 ... seed.reaction:rxn34218 ... seedR:rxn00604 ... seedR:rxn30383 ... seedR:rxn34218	1 MNXM1104491@MNXD1 + 1 MNXM1@MNXD1 + 1 MNXM738702@MNXD1 = 1 MNXM1105858@MNXD1 + 1 MNXM5@MNXD1
GAPD	MNXR144947	biggR:GAPD	bigg.reaction:GAPD ... bigg.reaction:GAPDHf ... bigg.reaction:GAPDHh ... bigg.reaction:GAPDHm ... bigg.reaction:GAPD_1 ... bigg.reaction:GAPDg ... bigg.reaction:R_GAPD ... bigg.reaction:R_GAPDHf ... bigg.reaction:R_GAPDHh ... bigg.reaction:R_GAPDHm ... bigg.reaction:R_GAPD_1 ... bigg.reaction:R_GAPDg ... biggR:GAPD ... biggR:GAPDHf ... biggR:GAPDHh ... biggR:GAPDHm ... biggR:GAPD_1 ... biggR:GAPDg ... biggR:R_GAPD ... biggR:R_GAPDHf ... biggR:R_GAPDHh ... biggR:R_GAPDHm ... biggR:R_GAPD_1 ... biggR:R_GAPDg ... deprecated:MNXR100040	1 MNXM10@MNXD1 + 1 MNXM1108073@MNXD1 + 3 MNXM1@MNXD1 = 1 MNXM739945@MNXD1 + 1 MNXM8@MNXD1 + 1 MNXM9@MNXD1
GLCpts	MNXR188131	seedR:rxn05226	bigg.reaction:GLCpts ... bigg.reaction:GLCptspp ... bigg.reaction:R_GLCpts ... bigg.reaction:R_GLCptspp ... biggR:GLCpts ... biggR:GLCptspp ... biggR:R_GLCpts ... biggR:R_GLCptspp ... deprecated:MNXR100237 ... deprecated:MNXR188132 ... seed.reaction:rxn05226 ... seed.reaction:rxn08612 ... seedR:rxn05226 ... seedR:rxn08612	1 MNXM1105858@MNXD1 + 1 MNXM23@MNXD1 = 1 MNXM1137670@MNXD2 + 1 MNXM73@MNXD1
GLNS	MNXR100024	rheaR:16169	bigg.reaction:GALh ... bigg.reaction:GALm ... bigg.reaction:GLNS ... bigg.reaction:GLNS_1 ... bigg.reaction:R_GALh ... bigg.reaction:R_GALm ... bigg.reaction:R_GLNS ... bigg.reaction:R_GLNS_1 ... biggR:GALh ... biggR:GALm ... biggR:GLNS ... biggR:GLNS_1 ... biggR:R_GALh ... biggR:R_GALm ... biggR:R_GLNS ... biggR:R_GLNS_1 ... deprecated:MNXR124529 ... deprecated:MNXR157793 ... deprecated:MNXR32767 ... deprecated:MNXR82966 ... deprecated:MNXR91101 ... kegg.reaction:R00253 ... keggR:R00253 ... metacyc.reaction:GLUTAMINESYN-RXN ... metacycR:GLUTAMINESYN-RXN ... rhea:16169 ... rhea:16170 ... rhea:16171 ... rhea:16172 ... rheaR:16169 ... rheaR:16170 ... rheaR:16171 ... rheaR:16172 ... sabiork.reaction:760 ... sabiorkR:760 ... seed.reaction:rxn00187 ... seed.reaction:rxn19835 ... seed.reaction:rxn19836 ... seed.reaction:rxn30022 ... seed.reaction:rxn33952 ... seed.reaction:rxn33953 ... seed.reaction:rxn34791 ... seed.reaction:rxn34792 ... seedR:rxn00187 ... seedR:rxn19835 ... seedR:rxn19836 ... seedR:rxn30022 ... seedR:rxn33952 ... seedR:rxn33953 ... seedR:rxn34791 ... seedR:rxn34792	1 MNXM1@MNXD1 + 1 MNXM37@MNXD1 + 1 MNXM40333@MNXD1 + 1 MNXM9@MNXD1 = 1 MNXM3@MNXD1 + 1 MNXM729302@MNXD1 + 1 MNXM741173@MNXD1
GLNabc	MNXR100258	seedR:rxn05155	bigg.reaction:GLNabc ... bigg.reaction:GLNabcpp ... bigg.reaction:R_GLNabc ... bigg.reaction:R_GLNabcpp ... biggR:GLNabc ... biggR:GLNabcpp ... biggR:R_GLNabc ... biggR:R_GLNabcpp ... deprecated:MNXR27593 ... deprecated:MNXR28966 ... deprecated:MNXR29064 ... metacyc.reaction:ABC-12-RXN ... metacycR:ABC-12-RXN ... seed.reaction:rxn05155 ... seed.reaction:rxn05196 ... seed.reaction:rxn08624 ... seed.reaction:rxn11101 ... seed.reaction:rxn11233 ... seedR:rxn05155 ... seedR:rxn05196 ... seedR:rxn08624 ... seedR:rxn11101 ... seedR:rxn11233	1 MNXM1@MNXD1 + 1 MNXM37@MNXD1 + 1 MNXM40333@MNXD1 + 1 MNXM9@MNXD1 = 1 MNXM37@MNXD2 + 1 MNXM3@MNXD1 + 1 WATER@MNXD1
GLUDy	MNXR100086	rheaR:11612	bigg.reaction:GDH_nadp ... bigg.reaction:GLUDy ... bigg.reaction:GLUDy_1 ... bigg.reaction:GLUDym ... bigg.reaction:R_GDH_nadp ... bigg.reaction:R_GLUDy ... bigg.reaction:R_GLUDy_1 ... bigg.reaction:R_GLUDym ... biggR:GDH_nadp ... biggR:GLUDy ... biggR:GLUDy_1 ... biggR:GLUDym ... biggR:R_GDH_nadp ... biggR:R_GLUDy ... biggR:R_GLUDy_1 ... biggR:R_GLUDym ... deprecated:MNXR157816 ... deprecated:MNXR33333 ... deprecated:MNXR82980 ... kegg.reaction:R00248 ... keggR:R00248 ... metacyc.reaction:GLUTDEHYD-RXN ... metacyc.reaction:RXN-20084 ... metacycR:GLUTDEHYD-RXN ... metacycR:RXN-20084 ... rhea:11612 ... rhea:11613 ... rhea:11614 ... rhea:11615 ... rheaR:11612 ... rheaR:11613 ... rheaR:11614 ... rheaR:11615 ... sabiork.reaction:757 ... sabiorkR:757 ... seed.reaction:rxn00184 ... seed.reaction:rxn27887 ... seed.reaction:rxn30023 ... seed.reaction:rxn33943 ... seed.reaction:rxn34794 ... seedR:rxn00184 ... seedR:rxn27887 ... seedR:rxn30023 ... seedR:rxn33943 ... seedR:rxn34794	1 MNXM1@MNXD1 + 1 MNXM20@MNXD1 + 1 MNXM729302@MNXD1 + 1 MNXM738702@MNXD1 = 1 MNXM5@MNXD1 + 1 MNXM741173@MNXD1 + 1 WATER@MNXD1
GLUN	MNXR100030	rheaR:15889	bigg.reaction:GAM ... bigg.reaction:GLUN ... bigg.reaction:GLUN_1 ... bigg.reaction:GLUNm ... bigg.reaction:GLUNpp ... bigg.reaction:R_GAM ... bigg.reaction:R_GLUN ... bigg.reaction:R_GLUN_1 ... bigg.reaction:R_GLUNm ... bigg.reaction:R_GLUNpp ... biggR:GAM ... biggR:GLUN ... biggR:GLUN_1 ... biggR:GLUNm ... biggR:GLUNpp ... biggR:R_GAM ... biggR:R_GLUN ... biggR:R_GLUN_1 ... biggR:R_GLUNm ... biggR:R_GLUNpp ... deprecated:MNXR157829 ... deprecated:MNXR32746 ... deprecated:MNXR82967 ... kegg.reaction:R00256 ... keggR:R00256 ... metacyc.reaction:GLUTAMIN-RXN ... metacycR:GLUTAMIN-RXN ... rhea:15889 ... rhea:15890 ... rhea:15891 ... rhea:15892 ... rheaR:15889 ... rheaR:15890 ... rheaR:15891 ... rheaR:15892 ... sabiork.reaction:762 ... sabiorkR:762 ... seed.reaction:rxn00189 ... seed.reaction:rxn19831 ... seed.reaction:rxn29962 ... seed.reaction:rxn30024 ... seed.reaction:rxn30680 ... seed.reaction:rxn34787 ... seedR:rxn00189 ... seedR:rxn19831 ... seedR:rxn29962 ... seedR:rxn30024 ... seedR:rxn30680 ... seedR:rxn34787	1 MNXM37@MNXD1 + 1 WATER@MNXD1 = 1 MNXM729302@MNXD1 + 1 MNXM741173@MNXD1
GLUSy	MNXR100291	rheaR:15501	bigg.reaction:GLUS_nadph ... bigg.reaction:GLUSy ... bigg.reaction:R_GLUS_nadph ... bigg.reaction:R_GLUSy ... biggR:GLUS_nadph ... biggR:GLUSy ... biggR:R_GLUS_nadph ... biggR:R_GLUSy ... deprecated:MNXR31609 ... kegg.reaction:R00114 ... keggR:R00114 ... metacyc.reaction:GLUTAMATESYN-RXN ... metacycR:GLUTAMATESYN-RXN ... rhea:15501 ... rhea:15502 ... rhea:15503 ... rhea:15504 ... rheaR:15501 ... rheaR:15502 ... rheaR:15503 ... rheaR:15504 ... sabiork.reaction:694 ... sabiorkR:694 ... seed.reaction:rxn00085 ... seed.reaction:rxn27889 ... seed.reaction:rxn33967 ... seedR:rxn00085 ... seedR:rxn27889 ... seedR:rxn33967	1 MNXM1@MNXD1 + 1 MNXM20@MNXD1 + 1 MNXM37@MNXD1 + 1 MNXM738702@MNXD1 = 1 MNXM5@MNXD1 + 2 MNXM741173@MNXD1
GLUt2r	MNXR100300	seedR:rxn05297	bigg.reaction:GLUt2m ... bigg.reaction:GLUt2n ... bigg.reaction:GLUt2r ... bigg.reaction:GLUt2rpp ... bigg.reaction:GLUt7 ... bigg.reaction:GLUth ... bigg.reaction:R_GLUt2m ... bigg.reaction:R_GLUt2n ... bigg.reaction:R_GLUt2r ... bigg.reaction:R_GLUt2rpp ... bigg.reaction:R_GLUt7 ... bigg.reaction:R_GLUth ... biggR:GLUt2m ... biggR:GLUt2n ... biggR:GLUt2r ... biggR:GLUt2rpp ... biggR:GLUt7 ... biggR:GLUth ... biggR:R_GLUt2m ... biggR:R_GLUt2n ... biggR:R_GLUt2r ... biggR:R_GLUt2rpp ... biggR:R_GLUt7 ... biggR:R_GLUth ... deprecated:MNXR118832 ... metacyc.reaction:RXN-14654 ... metacycR:RXN-14654 ... seed.reaction:rxn05297 ... seed.reaction:rxn08631 ... seed.reaction:rxn09751 ... seed.reaction:rxn09813 ... seed.reaction:rxn13303 ... seed.reaction:rxn34378 ... seed.reaction:rxn43863 ... seedR:rxn05297 ... seedR:rxn08631 ... seedR:rxn09751 ... seedR:rxn09813 ... seedR:rxn13303 ... seedR:rxn34378 ... seedR:rxn43863	1 MNXM01@MNXD1 + 1 MNXM741173@MNXD1 = 1 MNXM01@MNXD2 + 1 MNXM741173@MNXD2
GND	MNXR100389	rheaR:10116	bigg.reaction:GND ... bigg.reaction:GNDc ... bigg.reaction:GNDer ... bigg.reaction:PGDHh ... bigg.reaction:R_GND ... bigg.reaction:R_GNDc ... bigg.reaction:R_GNDer ... bigg.reaction:R_PGDHh ... biggR:GND ... biggR:GNDc ... biggR:GNDer ... biggR:PGDHh ... biggR:R_GND ... biggR:R_GNDc ... biggR:R_GNDer ... biggR:R_PGDHh ... deprecated:MNXR2793 ... kegg.reaction:R01528 ... keggR:R01528 ... metacyc.reaction:RXN-9952 ... metacycR:RXN-9952 ... rhea:10116 ... rhea:10117 ... rhea:10118 ... rhea:10119 ... rheaR:10116 ... rheaR:10117 ... rheaR:10118 ... rheaR:10119 ... sabiork.reaction:108 ... sabiorkR:108 ... seed.reaction:rxn01115 ... seed.reaction:rxn27624 ... seed.reaction:rxn33304 ... seed.reaction:rxn33323 ... seed.reaction:rxn38006 ... seed.reaction:rxn38009 ... seedR:rxn01115 ... seedR:rxn27624 ... seedR:rxn33304 ... seedR:rxn33323 ... seedR:rxn38006 ... seedR:rxn38009	1 MNXM13@MNXD1 + 1 MNXM145@MNXD1 + 1 MNXM738702@MNXD1 = 1 MNXM5@MNXD1 + 1 MNXM734080@MNXD1
H2Ot	MNXR98641	rheaR:29667	bigg.reaction:EX_h2o_e ... bigg.reaction:H2Ot ... bigg.reaction:H2Otcx ... bigg.reaction:H2Oter ... bigg.reaction:H2Otex ... bigg.reaction:H2Otf ... bigg.reaction:H2Otg ... bigg.reaction:H2Oth ... bigg.reaction:H2Othu ... bigg.reaction:H2Otly ... bigg.reaction:H2Otm ... bigg.reaction:H2Otn ... bigg.reaction:H2Otp ... bigg.reaction:H2Otpp ... bigg.reaction:H2Ots ... bigg.reaction:H2Otu_syn ... bigg.reaction:H2Otv ... bigg.reaction:R_EX_h2o_e ... bigg.reaction:R_H2Ot ... bigg.reaction:R_H2Otcx ... bigg.reaction:R_H2Oter ... bigg.reaction:R_H2Otex ... bigg.reaction:R_H2Otf ... bigg.reaction:R_H2Otg ... bigg.reaction:R_H2Oth ... bigg.reaction:R_H2Othu ... bigg.reaction:R_H2Otly ... bigg.reaction:R_H2Otm ... bigg.reaction:R_H2Otn ... bigg.reaction:R_H2Otp ... bigg.reaction:R_H2Otpp ... bigg.reaction:R_H2Ots ... bigg.reaction:R_H2Otu_syn ... bigg.reaction:R_H2Otv ... biggR:EX_h2o_e ... biggR:H2Ot ... biggR:H2Otcx ... biggR:H2Oter ... biggR:H2Otex ... biggR:H2Otf ... biggR:H2Otg ... biggR:H2Oth ... biggR:H2Othu ... biggR:H2Otly ... biggR:H2Otm ... biggR:H2Otn ... biggR:H2Otp ... biggR:H2Otpp ... biggR:H2Ots ... biggR:H2Otu_syn ... biggR:H2Otv ... biggR:R_EX_h2o_e ... biggR:R_H2Ot ... biggR:R_H2Otcx ... biggR:R_H2Oter ... biggR:R_H2Otex ... biggR:R_H2Otf ... biggR:R_H2Otg ... biggR:R_H2Oth ... biggR:R_H2Othu ... biggR:R_H2Otly ... biggR:R_H2Otm ... biggR:R_H2Otn ... biggR:R_H2Otp ... biggR:R_H2Otpp ... biggR:R_H2Ots ... biggR:R_H2Otu_syn ... biggR:R_H2Otv ... deprecated:MNXR2865 ... metacyc.reaction:RXN-22387 ... metacyc.reaction:TRANS-RXN-145 ... metacyc.reaction:TRANS-RXN0-547 ... metacycR:RXN-22387 ... metacycR:TRANS-RXN-145 ... metacycR:TRANS-RXN0-547 ... rhea:29667 ... rhea:29668 ... rhea:29669 ... rhea:29670 ... rheaR:29667 ... rheaR:29668 ... rheaR:29669 ... rheaR:29670 ... seed.reaction:rxn05319 ... seed.reaction:rxn08686 ... seed.reaction:rxn08687 ... seed.reaction:rxn09643 ... seed.reaction:rxn09745 ... seed.reaction:rxn09812 ... seed.reaction:rxn09838 ... seed.reaction:rxn09874 ... seed.reaction:rxn31175 ... seed.reaction:rxn33306 ... seed.reaction:rxn34181 ... seedR:rxn05319 ... seedR:rxn08686 ... seedR:rxn08687 ... seedR:rxn09643 ... seedR:rxn09745 ... seedR:rxn09812 ... seedR:rxn09838 ... seedR:rxn09874 ... seedR:rxn31175 ... seedR:rxn33306 ... seedR:rxn34181	1 WATER@MNXD1 = 1 WATER@MNXD2
ICDHyr	MNXR191121	keggR:R00267	bigg.reaction:ICDHhr ... bigg.reaction:ICDHym ... bigg.reaction:ICDHyp ... bigg.reaction:ICDHyr ... bigg.reaction:R_ICDHhr ... bigg.reaction:R_ICDHym ... bigg.reaction:R_ICDHyp ... bigg.reaction:R_ICDHyr ... biggR:ICDHhr ... biggR:ICDHym ... biggR:ICDHyp ... biggR:ICDHyr ... biggR:R_ICDHhr ... biggR:R_ICDHym ... biggR:R_ICDHyp ... biggR:R_ICDHyr ... deprecated:MNXR100781 ... deprecated:MNXR115983 ... kegg.reaction:R00267 ... keggR:R00267 ... sabiork.reaction:269 ... sabiorkR:269 ... seed.reaction:rxn00198 ... seed.reaction:rxn30399 ... seed.reaction:rxn30400 ... seed.reaction:rxn33806 ... seedR:rxn00198 ... seedR:rxn30399 ... seedR:rxn30400 ... seedR:rxn33806	1 MNXM13@MNXD1 + 1 MNXM20@MNXD1 + 1 MNXM738702@MNXD1 = 1 MNXM5@MNXD1 + 1 MNXM89661@MNXD1
ICL	MNXR191123	keggR:R00479	bigg.reaction:ICL ... bigg.reaction:ICL_1 ... bigg.reaction:ICL_x ... bigg.reaction:R_ICL ... bigg.reaction:R_ICL_1 ... bigg.reaction:R_ICL_x ... biggR:ICL ... biggR:ICL_1 ... biggR:ICL_x ... biggR:R_ICL ... biggR:R_ICL_1 ... biggR:R_ICL_x ... deprecated:MNXR100789 ... deprecated:MNXR115982 ... kegg.reaction:R00479 ... keggR:R00479 ... sabiork.reaction:911 ... sabiorkR:911 ... seed.reaction:rxn00336 ... seed.reaction:rxn33532 ... seed.reaction:rxn33534 ... seed.reaction:rxn33880 ... seedR:rxn00336 ... seedR:rxn33532 ... seedR:rxn33534 ... seedR:rxn33880	1 MNXM25@MNXD1 + 1 MNXM69@MNXD1 = 1 MNXM89661@MNXD1
LDH_D	MNXR101037	rheaR:16369	bigg.reaction:LDH_D ... bigg.reaction:LDHm ... bigg.reaction:R_LDH_D ... bigg.reaction:R_LDHm ... biggR:LDH_D ... biggR:LDHm ... biggR:R_LDH_D ... biggR:R_LDHm ... deprecated:MNXR3212 ... kegg.reaction:R00704 ... keggR:R00704 ... metacyc.reaction:DLACTDEHYDROGNAD-RXN ... metacycR:DLACTDEHYDROGNAD-RXN ... rhea:16369 ... rhea:16370 ... rhea:16371 ... rhea:16372 ... rheaR:16369 ... rheaR:16370 ... rheaR:16371 ... rheaR:16372 ... sabiork.reaction:155 ... sabiorkR:155 ... seed.reaction:rxn00500 ... seed.reaction:rxn34235 ... seedR:rxn00500 ... seedR:rxn34235	1 MNXM10@MNXD1 + 1 MNXM1@MNXD1 + 1 MNXM23@MNXD1 = 1 MNXM731834@MNXD1 + 1 MNXM8@MNXD1
MALS	MNXR188337	rheaR:18181	bigg.reaction:MALS ... bigg.reaction:MALSh ... bigg.reaction:MALSm ... bigg.reaction:MALSp ... bigg.reaction:R_MALS ... bigg.reaction:R_MALSh ... bigg.reaction:R_MALSm ... bigg.reaction:R_MALSp ... biggR:MALS ... biggR:MALSh ... biggR:MALSm ... biggR:MALSp ... biggR:R_MALS ... biggR:R_MALSh ... biggR:R_MALSm ... biggR:R_MALSp ... deprecated:MNXR101347 ... deprecated:MNXR188338 ... kegg.reaction:R00472 ... keggR:R00472 ... metacyc.reaction:MALSYN-RXN ... metacycR:MALSYN-RXN ... rhea:18181 ... rhea:18182 ... rhea:18183 ... rhea:18184 ... rheaR:18181 ... rheaR:18182 ... rheaR:18183 ... rheaR:18184 ... sabiork.reaction:152 ... sabiorkR:152 ... seed.reaction:rxn00330 ... seed.reaction:rxn20162 ... seed.reaction:rxn33881 ... seed.reaction:rxn34243 ... seed.reaction:rxn34244 ... seedR:rxn00330 ... seedR:rxn20162 ... seedR:rxn33881 ... seedR:rxn34243 ... seedR:rxn34244	1 MNXM1104266@MNXD1 + 1 MNXM69@MNXD1 + 1 WATER@MNXD1 = 1 MNXM1107192@MNXD1 + 1 MNXM1@MNXD1 + 1 MNXM727276@MNXD1
MALt2_2	MNXR101370	rheaR:29339	bigg.reaction:MALt2_2 ... bigg.reaction:MALt2_2pp ... bigg.reaction:R_MALt2_2 ... bigg.reaction:R_MALt2_2pp ... biggR:MALt2_2 ... biggR:MALt2_2pp ... biggR:R_MALt2_2 ... biggR:R_MALt2_2pp ... deprecated:MNXR3407 ... metacyc.reaction:TRANS-RXN-121A ... metacycR:TRANS-RXN-121A ... rhea:29339 ... rhea:29340 ... rhea:29341 ... rhea:29342 ... rheaR:29339 ... rheaR:29340 ... rheaR:29341 ... rheaR:29342 ... seed.reaction:rxn08865 ... seed.reaction:rxn10153 ... seedR:rxn08865 ... seedR:rxn10153	2 MNXM01@MNXD1 + 1 MNXM1107192@MNXD1 = 2 MNXM01@MNXD2 + 1 MNXM1107192@MNXD2
MDH	MNXR101439	rheaR:21432	bigg.reaction:MDH ... bigg.reaction:MDHf ... bigg.reaction:MDHh ... bigg.reaction:MDHi2 ... bigg.reaction:MDHm ... bigg.reaction:MDHp ... bigg.reaction:R_MDH ... bigg.reaction:R_MDHf ... bigg.reaction:R_MDHh ... bigg.reaction:R_MDHi2 ... bigg.reaction:R_MDHm ... bigg.reaction:R_MDHp ... biggR:MDH ... biggR:MDHf ... biggR:MDHh ... biggR:MDHi2 ... biggR:MDHm ... biggR:MDHp ... biggR:R_MDH ... biggR:R_MDHf ... biggR:R_MDHh ... biggR:R_MDHi2 ... biggR:R_MDHm ... biggR:R_MDHp ... deprecated:MNXR3464 ... deprecated:MNXR91108 ... kegg.reaction:R00342 ... keggR:R00342 ... metacyc.reaction:MALATE-DEH-RXN ... metacycR:MALATE-DEH-RXN ... rhea:21432 ... rhea:21433 ... rhea:21434 ... rhea:21435 ... rheaR:21432 ... rheaR:21433 ... rheaR:21434 ... rheaR:21435 ... sabiork.reaction:113 ... sabiorkR:113 ... seed.reaction:rxn00248 ... seed.reaction:rxn20068 ... seed.reaction:rxn23652 ... seed.reaction:rxn27976 ... seed.reaction:rxn34245 ... seedR:rxn00248 ... seedR:rxn20068 ... seedR:rxn23652 ... seedR:rxn27976 ... seedR:rxn34245	1 MNXM10@MNXD1 + 1 MNXM1@MNXD1 + 1 MNXM46@MNXD1 = 1 MNXM1107192@MNXD1 + 1 MNXM8@MNXD1
ME1	MNXR101446	rheaR:12653	bigg.reaction:ME1 ... bigg.reaction:ME1m ... bigg.reaction:R_ME1 ... bigg.reaction:R_ME1m ... biggR:ME1 ... biggR:ME1m ... biggR:R_ME1 ... biggR:R_ME1m ... deprecated:MNXR3470 ... kegg.reaction:R00214 ... keggR:R00214 ... metacyc.reaction:1.1.1.39-RXN ... metacyc.reaction:RXN-19748 ... metacycR:1.1.1.39-RXN ... metacycR:RXN-19748 ... rhea:12653 ... rhea:12654 ... rhea:12655 ... rhea:12656 ... rheaR:12653 ... rheaR:12654 ... rheaR:12655 ... rheaR:12656 ... sabiork.reaction:141 ... sabiorkR:141 ... seed.reaction:rxn00159 ... seed.reaction:rxn27459 ... seed.reaction:rxn31389 ... seed.reaction:rxn37872 ... seedR:rxn00159 ... seedR:rxn27459 ... seedR:rxn31389 ... seedR:rxn37872	1 MNXM10@MNXD1 + 1 MNXM13@MNXD1 + 1 MNXM23@MNXD1 = 1 MNXM1107192@MNXD1 + 1 MNXM8@MNXD1
ME2	MNXR101443	rheaR:18253	bigg.reaction:MDHC_nadp_hr ... bigg.reaction:ME2 ... bigg.reaction:ME2m ... bigg.reaction:ME_x ... bigg.reaction:R_MDHC_nadp_hr ... bigg.reaction:R_ME2 ... bigg.reaction:R_ME2m ... bigg.reaction:R_ME_x ... biggR:MDHC_nadp_hr ... biggR:ME2 ... biggR:ME2m ... biggR:ME_x ... biggR:R_MDHC_nadp_hr ... biggR:R_ME2 ... biggR:R_ME2m ... biggR:R_ME_x ... deprecated:MNXR3471 ... kegg.reaction:R00216 ... keggR:R00216 ... metacyc.reaction:MALIC-NADP-RXN ... metacycR:MALIC-NADP-RXN ... rhea:18253 ... rhea:18254 ... rhea:18255 ... rhea:18256 ... rheaR:18253 ... rheaR:18254 ... rheaR:18255 ... rheaR:18256 ... sabiork.reaction:142 ... sabiorkR:142 ... seed.reaction:rxn00161 ... seed.reaction:rxn27982 ... seed.reaction:rxn27983 ... seedR:rxn00161 ... seedR:rxn27982 ... seedR:rxn27983	1 MNXM1107192@MNXD1 + 1 MNXM5@MNXD1 = 1 MNXM13@MNXD1 + 1 MNXM23@MNXD1 + 1 MNXM738702@MNXD1
NADH16	MNXR101864	seedR:rxn08972	bigg.reaction:NADH16 ... bigg.reaction:NADH16pp ... bigg.reaction:R_NADH16 ... bigg.reaction:R_NADH16pp ... biggR:NADH16 ... biggR:NADH16pp ... biggR:R_NADH16 ... biggR:R_NADH16pp ... deprecated:MNXR55740 ... deprecated:MNXR83429 ... seed.reaction:rxn08972 ... seed.reaction:rxn30496 ... seedR:rxn08972 ... seedR:rxn30496	3 MNXM01@MNXD1 + 1 MNXM10@MNXD1 + 1 MNXM1@MNXD1 + 1 MNXM232@MNXD1 = 3 MNXM01@MNXD2 + 1 MNXM191@MNXD1 + 1 MNXM8@MNXD1
NADTRHD	MNXR101898	rheaR:11692	bigg.reaction:NADTRHD ... bigg.reaction:NADTRHD2 ... bigg.reaction:NNOR ... bigg.reaction:R_NADTRHD ... bigg.reaction:R_NADTRHD2 ... bigg.reaction:R_NNOR ... bigg.reaction:R_THD1_h ... bigg.reaction:THD1_h ... biggR:NADTRHD ... biggR:NADTRHD2 ... biggR:NNOR ... biggR:R_NADTRHD ... biggR:R_NADTRHD2 ... biggR:R_NNOR ... biggR:R_THD1_h ... biggR:THD1_h ... deprecated:MNXR3771 ... kegg.reaction:R00112 ... keggR:R00112 ... metacyc.reaction:PYRNUTRANSHYDROGEN-RXN ... metacycR:PYRNUTRANSHYDROGEN-RXN ... rhea:11692 ... rhea:11693 ... rhea:11694 ... rhea:11695 ... rheaR:11692 ... rheaR:11693 ... rheaR:11694 ... rheaR:11695 ... seed.reaction:rxn00083 ... seed.reaction:rxn27488 ... seed.reaction:rxn32580 ... seedR:rxn00083 ... seedR:rxn27488 ... seedR:rxn32580	1 MNXM10@MNXD1 + 1 MNXM5@MNXD1 = 1 MNXM738702@MNXD1 + 1 MNXM8@MNXD1
NH4t	MNXR101950	rheaR:28747	bigg.reaction:EX_nh3_e ... bigg.reaction:EX_nh4_e ... bigg.reaction:NH3te ... bigg.reaction:NH4t ... bigg.reaction:NH4tex ... bigg.reaction:NH4ti ... bigg.reaction:NH4tm ... bigg.reaction:NH4tn ... bigg.reaction:NH4tp ... bigg.reaction:NH4tpp ... bigg.reaction:NH4tr ... bigg.reaction:R_EX_nh3_e ... bigg.reaction:R_EX_nh4_e ... bigg.reaction:R_NH3te ... bigg.reaction:R_NH4t ... bigg.reaction:R_NH4tex ... bigg.reaction:R_NH4ti ... bigg.reaction:R_NH4tm ... bigg.reaction:R_NH4tn ... bigg.reaction:R_NH4tp ... bigg.reaction:R_NH4tpp ... bigg.reaction:R_NH4tr ... biggR:EX_nh3_e ... biggR:EX_nh4_e ... biggR:NH3te ... biggR:NH4t ... biggR:NH4tex ... biggR:NH4ti ... biggR:NH4tm ... biggR:NH4tn ... biggR:NH4tp ... biggR:NH4tpp ... biggR:NH4tr ... biggR:R_EX_nh3_e ... biggR:R_EX_nh4_e ... biggR:R_NH3te ... biggR:R_NH4t ... biggR:R_NH4tex ... biggR:R_NH4ti ... biggR:R_NH4tm ... biggR:R_NH4tn ... biggR:R_NH4tp ... biggR:R_NH4tpp ... biggR:R_NH4tr ... deprecated:MNXR156946 ... deprecated:MNXR3814 ... deprecated:MNXR82602 ... deprecated:MNXR98786 ... metacyc.reaction:RXN-9615 ... metacyc.reaction:TRANS-RXN0-206 ... metacyc.reaction:TRANS-RXN0-544 ... metacycR:RXN-9615 ... metacycR:TRANS-RXN0-206 ... metacycR:TRANS-RXN0-544 ... rhea:28747 ... rhea:28748 ... rhea:28749 ... rhea:28750 ... rheaR:28747 ... rheaR:28748 ... rheaR:28749 ... rheaR:28750 ... sabiork.reaction:11683 ... sabiorkR:11683 ... seed.reaction:rxn05466 ... seed.reaction:rxn08986 ... seed.reaction:rxn08987 ... seed.reaction:rxn09736 ... seed.reaction:rxn09835 ... seed.reaction:rxn13364 ... seed.reaction:rxn29187 ... seed.reaction:rxn29241 ... seed.reaction:rxn29242 ... seed.reaction:rxn39085 ... seedR:rxn05466 ... seedR:rxn08986 ... seedR:rxn08987 ... seedR:rxn09736 ... seedR:rxn09835 ... seedR:rxn13364 ... seedR:rxn29187 ... seedR:rxn29241 ... seedR:rxn29242 ... seedR:rxn39085	1 MNXM729302@MNXD1 = 1 MNXM729302@MNXD2
O2t	MNXR102090	seedR:rxn05468	bigg.reaction:EX_o2_e ... bigg.reaction:O2t ... bigg.reaction:O2tcx ... bigg.reaction:O2ter ... bigg.reaction:O2tex ... bigg.reaction:O2thr ... bigg.reaction:O2tl ... bigg.reaction:O2tm ... bigg.reaction:O2tn ... bigg.reaction:O2tp ... bigg.reaction:O2tpp ... bigg.reaction:O2trhu ... bigg.reaction:O2tu ... bigg.reaction:R_EX_o2_e ... bigg.reaction:R_O2t ... bigg.reaction:R_O2tcx ... bigg.reaction:R_O2ter ... bigg.reaction:R_O2tex ... bigg.reaction:R_O2thr ... bigg.reaction:R_O2tl ... bigg.reaction:R_O2tm ... bigg.reaction:R_O2tn ... bigg.reaction:R_O2tp ... bigg.reaction:R_O2tpp ... bigg.reaction:R_O2trhu ... bigg.reaction:R_O2tu ... biggR:EX_o2_e ... biggR:O2t ... biggR:O2tcx ... biggR:O2ter ... biggR:O2tex ... biggR:O2thr ... biggR:O2tl ... biggR:O2tm ... biggR:O2tn ... biggR:O2tp ... biggR:O2tpp ... biggR:O2trhu ... biggR:O2tu ... biggR:R_EX_o2_e ... biggR:R_O2t ... biggR:R_O2tcx ... biggR:R_O2ter ... biggR:R_O2tex ... biggR:R_O2thr ... biggR:R_O2tl ... biggR:R_O2tm ... biggR:R_O2tn ... biggR:R_O2tp ... biggR:R_O2tpp ... biggR:R_O2trhu ... biggR:R_O2tu ... deprecated:MNXR3931 ... deprecated:MNXR66722 ... deprecated:MNXR98799 ... metacyc.reaction:TRANS-RXN0-474 ... metacycR:TRANS-RXN0-474 ... seed.reaction:rxn05468 ... seed.reaction:rxn09031 ... seed.reaction:rxn09032 ... seed.reaction:rxn09641 ... seed.reaction:rxn09734 ... seed.reaction:rxn31180 ... seed.reaction:rxn31196 ... seed.reaction:rxn32715 ... seed.reaction:rxn32722 ... seed.reaction:rxn34182 ... seed.reaction:rxn34543 ... seedR:rxn05468 ... seedR:rxn09031 ... seedR:rxn09032 ... seedR:rxn09641 ... seedR:rxn09734 ... seedR:rxn31180 ... seedR:rxn31196 ... seedR:rxn32715 ... seedR:rxn32722 ... seedR:rxn34182 ... seedR:rxn34543	1 MNXM735438@MNXD1 = 1 MNXM735438@MNXD2
PDH	MNXR188625	rheaR:28042	bigg.reaction:PDH ... bigg.reaction:PDHapi ... bigg.reaction:PDHm ... bigg.reaction:R_PDH ... bigg.reaction:R_PDHapi ... bigg.reaction:R_PDHm ... biggR:PDH ... biggR:PDHapi ... biggR:PDHm ... biggR:R_PDH ... biggR:R_PDHapi ... biggR:R_PDHm ... deprecated:MNXR102425 ... deprecated:MNXR188626 ... kegg.reaction:R00209 ... keggR:R00209 ... metacyc.reaction:PYRUVDEH-RXN ... metacycR:PYRUVDEH-RXN ... rhea:28042 ... rhea:28043 ... rhea:28044 ... rhea:28045 ... rheaR:28042 ... rheaR:28043 ... rheaR:28044 ... rheaR:28045 ... sabiork.reaction:523 ... sabiorkR:523 ... seed.reaction:rxn00154 ... seed.reaction:rxn20656 ... seed.reaction:rxn30418 ... seedR:rxn00154 ... seedR:rxn20656 ... seedR:rxn30418	1 MNXM10@MNXD1 + 1 MNXM1104266@MNXD1 + 1 MNXM13@MNXD1 = 1 MNXM23@MNXD1 + 1 MNXM727276@MNXD1 + 1 MNXM8@MNXD1
PFK	MNXR145952	rheaR:16109	bigg.reaction:PFK ... bigg.reaction:PFKg ... bigg.reaction:R_PFK ... bigg.reaction:R_PFKg ... biggR:PFK ... biggR:PFKg ... biggR:R_PFK ... biggR:R_PFKg ... deprecated:MNXR102513 ... deprecated:MNXR145953 ... deprecated:MNXR180366 ... deprecated:MNXR188631 ... deprecated:MNXR188632 ... kegg.reaction:R00756 ... kegg.reaction:R04779 ... keggR:R00756 ... keggR:R04779 ... metacyc.reaction:6PFRUCTPHOS-RXN ... metacycR:6PFRUCTPHOS-RXN ... rhea:16109 ... rhea:16110 ... rhea:16111 ... rhea:16112 ... rheaR:16109 ... rheaR:16110 ... rheaR:16111 ... rheaR:16112 ... sabiork.reaction:2 ... sabiorkR:2 ... seed.reaction:rxn00545 ... seed.reaction:rxn15493 ... seed.reaction:rxn19015 ... seed.reaction:rxn33754 ... seed.reaction:rxn34257 ... seed.reaction:rxn38002 ... seed.reaction:rxn38003 ... seed.reaction:rxn38004 ... seedR:rxn00545 ... seedR:rxn15493 ... seedR:rxn19015 ... seedR:rxn33754 ... seedR:rxn34257 ... seedR:rxn38002 ... seedR:rxn38003 ... seedR:rxn38004	1 MNXM1106095@MNXD1 + 1 MNXM1@MNXD1 + 1 MNXM40333@MNXD1 = 1 MNXM1107898@MNXD1 + 1 MNXM3@MNXD1
PFL	MNXR188637	rheaR:11844	bigg.reaction:PFL ... bigg.reaction:PFLACTm ... bigg.reaction:PFLh ... bigg.reaction:R_PFL ... bigg.reaction:R_PFLACTm ... bigg.reaction:R_PFLh ... biggR:PFL ... biggR:PFLACTm ... biggR:PFLh ... biggR:R_PFL ... biggR:R_PFLACTm ... biggR:R_PFLh ... deprecated:MNXR102514 ... deprecated:MNXR188638 ... kegg.reaction:R00212 ... keggR:R00212 ... metacyc.reaction:PYRUVFORMLY-RXN ... metacycR:PYRUVFORMLY-RXN ... rhea:11844 ... rhea:11845 ... rhea:11846 ... rhea:11847 ... rheaR:11844 ... rheaR:11845 ... rheaR:11846 ... rheaR:11847 ... sabiork.reaction:146 ... sabiorkR:146 ... seed.reaction:rxn00157 ... seed.reaction:rxn28121 ... seed.reaction:rxn34258 ... seedR:rxn00157 ... seedR:rxn28121 ... seedR:rxn34258	1 MNXM1104266@MNXD1 + 1 MNXM39@MNXD1 = 1 MNXM23@MNXD1 + 1 MNXM727276@MNXD1
PGI	MNXR191975	keggR:R00771	bigg.reaction:PGI ... bigg.reaction:PGI_h ... bigg.reaction:R_PGI ... bigg.reaction:R_PGI_h ... biggR:PGI ... biggR:PGI_h ... biggR:R_PGI ... biggR:R_PGI_h ... deprecated:MNXR145519 ... deprecated:MNXR145521 ... deprecated:MNXR145970 ... deprecated:MNXR151553 ... deprecated:MNXR189100 ... deprecated:MNXR189101 ... kegg.reaction:R00771 ... keggR:R00771 ... metacyc.reaction:PGLUCISOM-RXN ... metacycR:PGLUCISOM-RXN ... seed.reaction:rxn00558 ... seed.reaction:rxn33838 ... seed.reaction:rxn34259 ... seed.reaction:rxn37760 ... seedR:rxn00558 ... seedR:rxn33838 ... seedR:rxn34259 ... seedR:rxn37760	1 MNXM1105858@MNXD1 = 1 MNXM1107898@MNXD1
PGK	MNXR191159	rheaR:14801	bigg.reaction:PGK ... bigg.reaction:PGKf ... bigg.reaction:PGKg ... bigg.reaction:PGKh ... bigg.reaction:PGKm ... bigg.reaction:R_PGK ... bigg.reaction:R_PGKf ... bigg.reaction:R_PGKg ... bigg.reaction:R_PGKh ... bigg.reaction:R_PGKm ... biggR:PGK ... biggR:PGKf ... biggR:PGKg ... biggR:PGKh ... biggR:PGKm ... biggR:R_PGK ... biggR:R_PGKf ... biggR:R_PGKg ... biggR:R_PGKh ... biggR:R_PGKm ... deprecated:MNXR102538 ... kegg.reaction:R01512 ... keggR:R01512 ... metacyc.reaction:PHOSGLYPHOS-RXN ... metacycR:PHOSGLYPHOS-RXN ... rhea:14801 ... rhea:14802 ... rhea:14803 ... rhea:14804 ... rheaR:14801 ... rheaR:14802 ... rheaR:14803 ... rheaR:14804 ... sabiork.reaction:7644 ... sabiorkR:7644 ... seed.reaction:rxn01100 ... seed.reaction:rxn20544 ... seed.reaction:rxn35241 ... seed.reaction:rxn38256 ... seed.reaction:rxn38257 ... seedR:rxn01100 ... seedR:rxn20544 ... seedR:rxn35241 ... seedR:rxn38256 ... seedR:rxn38257	1 MNXM1108073@MNXD1 + 1 MNXM40333@MNXD1 = 1 MNXM3@MNXD1 + 1 MNXM727604@MNXD1
PGL	MNXR188641	rheaR:12556	bigg.reaction:PGL ... bigg.reaction:PGLc ... bigg.reaction:PGLer ... bigg.reaction:PGLg ... bigg.reaction:PGLh ... bigg.reaction:R_PGL ... bigg.reaction:R_PGLc ... bigg.reaction:R_PGLer ... bigg.reaction:R_PGLg ... bigg.reaction:R_PGLh ... biggR:PGL ... biggR:PGLc ... biggR:PGLer ... biggR:PGLg ... biggR:PGLh ... biggR:R_PGL ... biggR:R_PGLc ... biggR:R_PGLer ... biggR:R_PGLg ... biggR:R_PGLh ... deprecated:MNXR102539 ... deprecated:MNXR188642 ... kegg.reaction:R02035 ... keggR:R02035 ... metacyc.reaction:6PGLUCONOLACT-RXN ... metacycR:6PGLUCONOLACT-RXN ... rhea:12556 ... rhea:12557 ... rhea:12558 ... rhea:12559 ... rheaR:12556 ... rheaR:12557 ... rheaR:12558 ... rheaR:12559 ... sabiork.reaction:109 ... sabiorkR:109 ... seed.reaction:rxn01476 ... seed.reaction:rxn19017 ... seed.reaction:rxn19018 ... seedR:rxn01476 ... seedR:rxn19017 ... seedR:rxn19018	1 MNXM1104491@MNXD1 + 1 WATER@MNXD1 = 1 MNXM1@MNXD1 + 1 MNXM734080@MNXD1
PGM	MNXR102547	rheaR:15901	bigg.reaction:PGAM_h ... bigg.reaction:PGM ... bigg.reaction:PGMf ... bigg.reaction:PGMm ... bigg.reaction:R_PGAM_h ... bigg.reaction:R_PGM ... bigg.reaction:R_PGMf ... bigg.reaction:R_PGMm ... biggR:PGAM_h ... biggR:PGM ... biggR:PGMf ... biggR:PGMm ... biggR:R_PGAM_h ... biggR:R_PGM ... biggR:R_PGMf ... biggR:R_PGMm ... deprecated:MNXR133115 ... deprecated:MNXR4195 ... kegg.reaction:R01518 ... keggR:R01518 ... metacyc.reaction:3PGAREARR-RXN ... metacyc.reaction:RXN-15513 ... metacycR:3PGAREARR-RXN ... metacycR:RXN-15513 ... rhea:15901 ... rhea:15902 ... rhea:15903 ... rhea:15904 ... rheaR:15901 ... rheaR:15902 ... rheaR:15903 ... rheaR:15904 ... sabiork.reaction:7 ... sabiork.reaction:7641 ... sabiorkR:7 ... sabiorkR:7641 ... seed.reaction:rxn01106 ... seed.reaction:rxn18917 ... seed.reaction:rxn35234 ... seedR:rxn01106 ... seedR:rxn18917 ... seedR:rxn35234	1 MNXM275@MNXD1 = 1 MNXM727604@MNXD1
PIt2r	MNXR102872	rheaR:29939	bigg.reaction:PIt2m ... bigg.reaction:PIt2n ... bigg.reaction:PIt2p ... bigg.reaction:PIt2r ... bigg.reaction:PIt2rpp ... bigg.reaction:PIt2v ... bigg.reaction:PIt_h ... bigg.reaction:PItf ... bigg.reaction:R_PIt2m ... bigg.reaction:R_PIt2n ... bigg.reaction:R_PIt2p ... bigg.reaction:R_PIt2r ... bigg.reaction:R_PIt2rpp ... bigg.reaction:R_PIt2v ... bigg.reaction:R_PIt_h ... bigg.reaction:R_PItf ... biggR:PIt2m ... biggR:PIt2n ... biggR:PIt2p ... biggR:PIt2r ... biggR:PIt2rpp ... biggR:PIt2v ... biggR:PIt_h ... biggR:PItf ... biggR:R_PIt2m ... biggR:R_PIt2n ... biggR:R_PIt2p ... biggR:R_PIt2r ... biggR:R_PIt2rpp ... biggR:R_PIt2v ... biggR:R_PIt_h ... biggR:R_PItf ... deprecated:MNXR4295 ... metacyc.reaction:TRANS-RXN-114 ... metacycR:TRANS-RXN-114 ... rhea:29939 ... rhea:29940 ... rhea:29941 ... rhea:29942 ... rheaR:29939 ... rheaR:29940 ... rheaR:29941 ... rheaR:29942 ... seed.reaction:rxn05312 ... seed.reaction:rxn09120 ... seed.reaction:rxn09723 ... seed.reaction:rxn09811 ... seed.reaction:rxn09833 ... seed.reaction:rxn09872 ... seed.reaction:rxn34261 ... seedR:rxn05312 ... seedR:rxn09120 ... seedR:rxn09723 ... seedR:rxn09811 ... seedR:rxn09833 ... seedR:rxn09872 ... seedR:rxn34261	1 MNXM01@MNXD1 + 1 MNXM9@MNXD1 = 1 MNXM01@MNXD2 + 1 MNXM9@MNXD2
PPC	MNXR103096	rheaR:23072	bigg.reaction:PEPC_h ... bigg.reaction:PEPC_m ... bigg.reaction:PPC ... bigg.reaction:R_PEPC_h ... bigg.reaction:R_PEPC_m ... bigg.reaction:R_PPC ... biggR:PEPC_h ... biggR:PEPC_m ... biggR:PPC ... biggR:R_PEPC_h ... biggR:R_PEPC_m ... biggR:R_PPC ... deprecated:MNXR4381 ... kegg.reaction:R00345 ... keggR:R00345 ... rhea:23072 ... rhea:23073 ... rhea:23074 ... rhea:23075 ... rheaR:23072 ... rheaR:23073 ... rheaR:23074 ... rheaR:23075 ... sabiork.reaction:150 ... sabiorkR:150 ... seed.reaction:rxn00251 ... seed.reaction:rxn32421 ... seedR:rxn00251 ... seedR:rxn32421	1 MNXM13@MNXD1 + 1 MNXM73@MNXD1 + 1 WATER@MNXD1 = 1 MNXM1@MNXD1 + 1 MNXM46@MNXD1 + 1 MNXM9@MNXD1
PPCK	MNXR103099	rheaR:18617	bigg.reaction:PPCK ... bigg.reaction:PPCKg ... bigg.reaction:PPCKm ... bigg.reaction:R_PPCK ... bigg.reaction:R_PPCKg ... bigg.reaction:R_PPCKm ... biggR:PPCK ... biggR:PPCKg ... biggR:PPCKm ... biggR:R_PPCK ... biggR:R_PPCKg ... biggR:R_PPCKm ... deprecated:MNXR4383 ... kegg.reaction:R00341 ... keggR:R00341 ... metacyc.reaction:PEPCARBOXYKIN-RXN ... metacycR:PEPCARBOXYKIN-RXN ... rhea:18617 ... rhea:18618 ... rhea:18619 ... rhea:18620 ... rheaR:18617 ... rheaR:18618 ... rheaR:18619 ... rheaR:18620 ... sabiork.reaction:151 ... sabiorkR:151 ... seed.reaction:rxn00247 ... seed.reaction:rxn35519 ... seedR:rxn00247 ... seedR:rxn35519	1 MNXM13@MNXD1 + 1 MNXM40333@MNXD1 + 1 MNXM73@MNXD1 = 1 MNXM3@MNXD1 + 1 MNXM46@MNXD1
PPS	MNXR103140	rheaR:11364	bigg.reaction:PPS ... bigg.reaction:R_PPS ... biggR:PPS ... biggR:R_PPS ... deprecated:MNXR4414 ... kegg.reaction:R00199 ... keggR:R00199 ... metacyc.reaction:PEPSYNTH-RXN ... metacycR:PEPSYNTH-RXN ... rhea:11364 ... rhea:11365 ... rhea:11366 ... rhea:11367 ... rheaR:11364 ... rheaR:11365 ... rheaR:11366 ... rheaR:11367 ... sabiork.reaction:148 ... sabiorkR:148 ... seed.reaction:rxn00147 ... seed.reaction:rxn33266 ... seedR:rxn00147 ... seedR:rxn33266	2 MNXM1@MNXD1 + 1 MNXM728294@MNXD1 + 1 MNXM73@MNXD1 + 1 MNXM9@MNXD1 = 1 MNXM23@MNXD1 + 1 MNXM3@MNXD1 + 1 WATER@MNXD1
PTAr	MNXR188714	rheaR:19521	bigg.reaction:PTAr ... bigg.reaction:PTArh ... bigg.reaction:PTArm ... bigg.reaction:R_PTAr ... bigg.reaction:R_PTArh ... bigg.reaction:R_PTArm ... biggR:PTAr ... biggR:PTArh ... biggR:PTArm ... biggR:R_PTAr ... biggR:R_PTArh ... biggR:R_PTArm ... deprecated:MNXR103319 ... deprecated:MNXR188715 ... kegg.reaction:R00230 ... keggR:R00230 ... metacyc.reaction:PHOSACETYLTRANS-RXN ... metacycR:PHOSACETYLTRANS-RXN ... rhea:19521 ... rhea:19522 ... rhea:19523 ... rhea:19524 ... rheaR:19521 ... rheaR:19522 ... rheaR:19523 ... rheaR:19524 ... sabiork.reaction:72 ... sabiorkR:72 ... seed.reaction:rxn00173 ... seed.reaction:rxn20541 ... seed.reaction:rxn28067 ... seed.reaction:rxn28068 ... seed.reaction:rxn34298 ... seedR:rxn00173 ... seedR:rxn20541 ... seedR:rxn28067 ... seedR:rxn28068 ... seedR:rxn34298	1 MNXM1104266@MNXD1 + 1 MNXM9@MNXD1 = 1 MNXM280@MNXD1 + 1 MNXM727276@MNXD1
PYK	MNXR103371	rheaR:18157	bigg.reaction:PYK ... bigg.reaction:PYK_h ... bigg.reaction:PYKf ... bigg.reaction:PYKm ... bigg.reaction:R_PYK ... bigg.reaction:R_PYK_h ... bigg.reaction:R_PYKf ... bigg.reaction:R_PYKm ... biggR:PYK ... biggR:PYK_h ... biggR:PYKf ... biggR:PYKm ... biggR:R_PYK ... biggR:R_PYK_h ... biggR:R_PYKf ... biggR:R_PYKm ... deprecated:MNXR4545 ... kegg.reaction:R00200 ... keggR:R00200 ... metacyc.reaction:PEPDEPHOS-RXN ... metacycR:PEPDEPHOS-RXN ... rhea:18157 ... rhea:18158 ... rhea:18159 ... rhea:18160 ... rheaR:18157 ... rheaR:18158 ... rheaR:18159 ... rheaR:18160 ... sabiork.reaction:9 ... sabiorkR:9 ... seed.reaction:rxn00148 ... seed.reaction:rxn20509 ... seed.reaction:rxn35242 ... seedR:rxn00148 ... seedR:rxn20509 ... seedR:rxn35242	1 MNXM1@MNXD1 + 1 MNXM40333@MNXD1 + 1 MNXM73@MNXD1 = 1 MNXM23@MNXD1 + 1 MNXM3@MNXD1
PYRt2	MNXR103385	rheaR:64720	bigg.reaction:PYRt2 ... bigg.reaction:PYRt2m ... bigg.reaction:PYRt2p ... bigg.reaction:PYRt2rpp ... bigg.reaction:R_PYRt2 ... bigg.reaction:R_PYRt2m ... bigg.reaction:R_PYRt2p ... bigg.reaction:R_PYRt2rpp ... biggR:PYRt2 ... biggR:PYRt2m ... biggR:PYRt2p ... biggR:PYRt2rpp ... biggR:R_PYRt2 ... biggR:R_PYRt2m ... biggR:R_PYRt2p ... biggR:R_PYRt2rpp ... deprecated:MNXR4552 ... metacyc.reaction:TRANS-RXN-335 ... metacycR:TRANS-RXN-335 ... rhea:64720 ... rhea:64721 ... rhea:64722 ... rhea:64723 ... rheaR:64720 ... rheaR:64721 ... rheaR:64722 ... rheaR:64723 ... seed.reaction:rxn05469 ... seed.reaction:rxn09217 ... seed.reaction:rxn09717 ... seed.reaction:rxn09832 ... seedR:rxn05469 ... seedR:rxn09217 ... seedR:rxn09717 ... seedR:rxn09832	1 MNXM01@MNXD1 + 1 MNXM23@MNXD1 = 1 MNXM01@MNXD2 + 1 MNXM23@MNXD2
RPE	MNXR104083	rheaR:13677	bigg.reaction:RPE ... bigg.reaction:RPEc ... bigg.reaction:RPEg ... bigg.reaction:RPEh ... bigg.reaction:R_RPE ... bigg.reaction:R_RPEc ... bigg.reaction:R_RPEg ... bigg.reaction:R_RPEh ... biggR:RPE ... biggR:RPEc ... biggR:RPEg ... biggR:RPEh ... biggR:R_RPE ... biggR:R_RPEc ... biggR:R_RPEg ... biggR:R_RPEh ... deprecated:MNXR4653 ... kegg.reaction:R01529 ... keggR:R01529 ... metacyc.reaction:RIBULP3EPIM-RXN ... metacycR:RIBULP3EPIM-RXN ... rhea:13677 ... rhea:13678 ... rhea:13679 ... rhea:13680 ... rheaR:13677 ... rheaR:13678 ... rheaR:13679 ... rheaR:13680 ... sabiork.reaction:62 ... sabiorkR:62 ... seed.reaction:rxn01116 ... seed.reaction:rxn28146 ... seedR:rxn01116 ... seedR:rxn28146	1 MNXM145@MNXD1 = 1 MNXM186@MNXD1
RPI	MNXR189850	keggR:R01056	bigg.reaction:RPI ... bigg.reaction:RPIg ... bigg.reaction:RPIh ... bigg.reaction:R_RPI ... bigg.reaction:R_RPIg ... bigg.reaction:R_RPIh ... bigg.reaction:R_r0249 ... bigg.reaction:r0249 ... biggR:RPI ... biggR:RPIg ... biggR:RPIh ... biggR:R_RPI ... biggR:R_RPIg ... biggR:R_RPIh ... biggR:R_r0249 ... biggR:r0249 ... deprecated:MNXR146353 ... deprecated:MNXR189851 ... kegg.reaction:R01056 ... keggR:R01056 ... seed.reaction:rxn00777 ... seed.reaction:rxn15114 ... seed.reaction:rxn28141 ... seed.reaction:rxn34267 ... seed.reaction:rxn38284 ... seedR:rxn00777 ... seedR:rxn15114 ... seedR:rxn28141 ... seedR:rxn34267 ... seedR:rxn38284	1 MNXM1104056@MNXD1 = 1 MNXM145@MNXD1 + 2 MNXM1@MNXD1
SUCCt2_2	MNXR104620	rheaR:29303	bigg.reaction:R_SUCCt2_2 ... bigg.reaction:R_SUCCt2_2pp ... bigg.reaction:SUCCt2_2 ... bigg.reaction:SUCCt2_2pp ... biggR:R_SUCCt2_2 ... biggR:R_SUCCt2_2pp ... biggR:SUCCt2_2 ... biggR:SUCCt2_2pp ... deprecated:MNXR4947 ... metacyc.reaction:TRANS-RXN-121 ... metacycR:TRANS-RXN-121 ... rhea:29303 ... rhea:29304 ... rhea:29305 ... rhea:29306 ... rheaR:29303 ... rheaR:29304 ... rheaR:29305 ... rheaR:29306 ... seed.reaction:rxn09269 ... seed.reaction:rxn10154 ... seedR:rxn09269 ... seedR:rxn10154	2 MNXM01@MNXD1 + 1 MNXM25@MNXD1 = 2 MNXM01@MNXD2 + 1 MNXM25@MNXD2
SUCCt3	MNXR104623	seedR:rxn09270	bigg.reaction:R_SUCCt3 ... bigg.reaction:R_SUCCt3pp ... bigg.reaction:SUCCt3 ... bigg.reaction:SUCCt3pp ... biggR:R_SUCCt3 ... biggR:R_SUCCt3pp ... biggR:SUCCt3 ... biggR:SUCCt3pp ... seed.reaction:rxn09270 ... seedR:rxn09270	1 MNXM01@MNXD1 + 1 MNXM25@MNXD2 = 1 MNXM01@MNXD2 + 1 MNXM25@MNXD1
SUCDi	MNXR99641	rheaR:29187	bigg.reaction:FRD7 ... bigg.reaction:R_FRD7 ... bigg.reaction:R_SUCDH_q8_m ... bigg.reaction:R_SUCDi ... bigg.reaction:SUCDH_q8_m ... bigg.reaction:SUCDi ... biggR:FRD7 ... biggR:R_FRD7 ... biggR:R_SUCDH_q8_m ... biggR:R_SUCDi ... biggR:SUCDH_q8_m ... biggR:SUCDi ... deprecated:MNXR69008 ... rhea:29187 ... rhea:29188 ... rhea:29189 ... rhea:29190 ... rheaR:29187 ... rheaR:29188 ... rheaR:29189 ... rheaR:29190 ... seed.reaction:rxn09272 ... seed.reaction:rxn27238 ... seed.reaction:rxn37566 ... seed.reaction:rxn37641 ... seed.reaction:rxn37642 ... seed.reaction:rxn37644 ... seed.reaction:rxn38714 ... seed.reaction:rxn38716 ... seed.reaction:rxn38993 ... seedR:rxn09272 ... seedR:rxn27238 ... seedR:rxn37566 ... seedR:rxn37641 ... seedR:rxn37642 ... seedR:rxn37644 ... seedR:rxn38714 ... seedR:rxn38716 ... seedR:rxn38993	1 MNXM191@MNXD1 + 1 MNXM737340@MNXD1 = 1 MNXM232@MNXD1 + 1 MNXM25@MNXD1
SUCOAS	MNXR188878	rheaR:17661	bigg.reaction:R_SUCLm ... bigg.reaction:R_SUCOAS ... bigg.reaction:R_SUCOASm ... bigg.reaction:SUCLm ... bigg.reaction:SUCOAS ... bigg.reaction:SUCOASm ... biggR:R_SUCLm ... biggR:R_SUCOAS ... biggR:R_SUCOASm ... biggR:SUCLm ... biggR:SUCOAS ... biggR:SUCOASm ... deprecated:MNXR104635 ... deprecated:MNXR188879 ... kegg.reaction:R00405 ... keggR:R00405 ... metacyc.reaction:SUCCCOASYN-RXN ... metacycR:SUCCCOASYN-RXN ... rhea:17661 ... rhea:17662 ... rhea:17663 ... rhea:17664 ... rheaR:17661 ... rheaR:17662 ... rheaR:17663 ... rheaR:17664 ... sabiork.reaction:260 ... sabiorkR:260 ... seed.reaction:rxn00285 ... seed.reaction:rxn28991 ... seedR:rxn00285 ... seedR:rxn28991	1 MNXM1104774@MNXD1 + 1 MNXM40333@MNXD1 + 1 MNXM9@MNXD1 = 1 MNXM25@MNXD1 + 1 MNXM3@MNXD1 + 1 MNXM727276@MNXD1
TALA	MNXR146501	biggR:TALA	bigg.reaction:R_TALA ... bigg.reaction:R_TALA_h ... bigg.reaction:TALA ... bigg.reaction:TALA_h ... biggR:R_TALA ... biggR:R_TALA_h ... biggR:TALA ... biggR:TALA_h ... deprecated:MNXR104715	1 MNXM1107898@MNXD1 + 2 MNXM1@MNXD1 + 1 MNXM258@MNXD1 = 1 MNXM733314@MNXD1 + 1 MNXM739945@MNXD1
THD2	MNXR104805	seedR:rxn09295	bigg.reaction:R_THD2 ... bigg.reaction:R_THD2pp ... bigg.reaction:THD2 ... bigg.reaction:THD2pp ... biggR:R_THD2 ... biggR:R_THD2pp ... biggR:THD2 ... biggR:THD2pp ... deprecated:MNXR5035 ... seed.reaction:rxn09295 ... seed.reaction:rxn10125 ... seedR:rxn09295 ... seedR:rxn10125	2 MNXM01@MNXD1 + 1 MNXM10@MNXD2 + 1 MNXM5@MNXD2 = 2 MNXM01@MNXD2 + 1 MNXM738702@MNXD2 + 1 MNXM8@MNXD2
TKT1	MNXR104868	biggR:TKT1	bigg.reaction:R_TKT1 ... bigg.reaction:R_TKT1g ... bigg.reaction:R_TKT1h ... bigg.reaction:TKT1 ... bigg.reaction:TKT1g ... bigg.reaction:TKT1h ... biggR:R_TKT1 ... biggR:R_TKT1g ... biggR:R_TKT1h ... biggR:TKT1 ... biggR:TKT1g ... biggR:TKT1h ... deprecated:MNXR55952 ... deprecated:MNXR69977	1 MNXM1104056@MNXD1 + 1 MNXM186@MNXD1 = 1 MNXM733314@MNXD1 + 1 MNXM739945@MNXD1
TKT2	MNXR146555	biggR:TKL2_h	bigg.reaction:R_TKL2_h ... bigg.reaction:R_TKT2 ... bigg.reaction:R_TKT2g ... bigg.reaction:TKL2_h ... bigg.reaction:TKT2 ... bigg.reaction:TKT2g ... biggR:R_TKL2_h ... biggR:R_TKT2 ... biggR:R_TKT2g ... biggR:TKL2_h ... biggR:TKT2 ... biggR:TKT2g ... deprecated:MNXR104869	1 MNXM1107898@MNXD1 + 1 MNXM739945@MNXD1 = 1 MNXM186@MNXD1 + 2 MNXM1@MNXD1 + 1 MNXM258@MNXD1
TPI	MNXR146573	biggR:TPI	bigg.reaction:R_TPI ... bigg.reaction:R_TPI_m ... bigg.reaction:R_TPIg ... bigg.reaction:R_TPIh ... bigg.reaction:TPI ... bigg.reaction:TPI_m ... bigg.reaction:TPIg ... bigg.reaction:TPIh ... biggR:R_TPI ... biggR:R_TPI_m ... biggR:R_TPIg ... biggR:R_TPIh ... biggR:TPI ... biggR:TPI_m ... biggR:TPIg ... biggR:TPIh ... deprecated:MNXR104918	2 MNXM1@MNXD1 + 1 MNXM77@MNXD1 = 1 MNXM739945@MNXD1
